level,group_key,file_count,bytes,aggregate_sha256,role_counts_json
resource,collections/abdullah-naseer-six-books,7,126317632,767773126E038D2D664CD18F9A720032682B6F32196A9992CA248D568AEA8C45,"{""metadata"": 1, ""principal"": 6}"
resource,collections/fawaz-hadith-api-v1,652747,2932595708,768F8E19474E1C2322C7D1A6751D1BDA0A0D02A9CBAB8D24016A8D09E09753EA,"{""generated"": 326339, ""metadata"": 9, ""mirror"": 326240, ""payload_unselected"": 46, ""principal"": 101, ""support"": 12}"
resource,collections/hf-all-hadiths-cleaned,3,41072705,6FBD11E22101747652A3E713C9E1D855561F6333EB7DBA278127CD1C967070E8,"{""metadata"": 1, ""principal"": 1, ""support"": 1}"
resource,collections/hf-fawaz-hadith-data,3,95811392,B0A4566086898894ABF9C8216818B2DDCB83B4367F97AD78EEE8B611D1C34E2D,"{""metadata"": 1, ""principal"": 1, ""support"": 1}"
resource,collections/hf-jimlam-hadith-data,3,8246795,2DFA8F267CA1A191C56666EC5B80FF99F1EFE358A56AB273BF1D8CB0486722B3,"{""metadata"": 1, ""principal"": 1, ""support"": 1}"
resource,collections/hf-jimlam-hadith-data-hyphen,3,2115866,4D89EEBE96E7C2702E443E93D7578E150A71D0FB9A3AAB06602F344F44E1CC28,"{""metadata"": 1, ""principal"": 1, ""support"": 1}"
resource,collections/hf-maic-all-hadith,3,15797393,A307BEAB5640D532A2C477A1D5B23F8FC2FD1C03026886AACEFEF44338F17486,"{""metadata"": 1, ""principal"": 1, ""support"": 1}"
resource,collections/hf-ronnieaban-sunnah,3,71549923,FBC3CDDD2800B6EC1CF5AA56F373428966A105B092E6C248B01C10E76FB579B5,"{""metadata"": 1, ""principal"": 1, ""support"": 1}"
resource,collections/hf-sarfarazmir-hadith-dataset,2,285594,5CD22FCB7131218928AEF369E816547D3BA95126F33932A26E297841944DB17A,"{""payload_unselected"": 1, ""support"": 1}"
resource,multilingual/hf-abdo-arabic-hadith,2,1853,01E71957F698E57DAFD2E5ED10EF3C6467833E62623CB620F76CE2B12878D4C7,"{""metadata"": 1, ""support"": 1}"
resource,multilingual/hf-meeatif-hadith-datasets,14,125697207,AAAA46ABD96E7D5C77AAC96D34CD4203AC30800A4DDFDE7221F51797D55CE9FE,"{""metadata"": 1, ""principal"": 12, ""support"": 1}"
resource,multilingual/hf-sarnsrun-hadiths,3,17573936,C36F255FD291AF195FDC0350FEF575578B41786EE7E53A23254B6607E4742990,"{""metadata"": 1, ""principal"": 1, ""support"": 1}"
resource,official/sunnah-com-api,20,1515575,5A7C7A3E5D9C337DB33F355660AE73DCBBA722FDD2A52BAB38C4A6F6F5B0F26C,"{""metadata"": 1, ""payload_unselected"": 1, ""principal"": 1, ""support"": 17}"
resource,quarantined/ahmedbaset-hadith-api,22,18786,0000DF3551ED5FD800EB6F45E647255B8708DFB2A203D7098CC1662198032EE9,"{""metadata"": 2, ""payload_unselected"": 2, ""support"": 18}"
resource,quarantined/ahmedbaset-hadith-json-v1.2.0,641,148046924,E5C1FA05872C38775620CB36DED4A5432F5D01EE0ADD0B899D122E8100E1F270,"{""metadata"": 2, ""payload_unselected"": 620, ""principal"": 6, ""support"": 13}"
resource,quarantined/hf-sunnah-ar-en,3,16693925,B1B58B25248F0B58DA95FC667B23164F5FD7457150D3A110FA66EEBBB813216F,"{""metadata"": 1, ""principal"": 1, ""support"": 1}"
resource,quarantined/hf-sunnah-dataset,3,45208408,73370F689FAD60ECE8F8EE90B93A476F1C8772147B7105E8CAB69918A7090B68,"{""metadata"": 1, ""principal"": 1, ""support"": 1}"
resource,research/hf-ar-quran-hadith14books-msa,27,7340367374,B594555C87343E411A55D63BB0A0A73BED77FF2A8593486BE7BCEFD04C95616C,"{""metadata"": 1, ""payload_unselected"": 1, ""principal"": 24, ""support"": 1}"
resource,research/hf-arbml-hadith,3,35387728,FC48AA1D8F1E8C37B6A1F91CC4903BE9A64EC2E057CC05157E269AF9F0EA89DA,"{""metadata"": 1, ""principal"": 1, ""support"": 1}"
resource,research/hf-arbml-lk-hadith,3,38556803,D0C1150A4DADB9BD256CBEFD5A30A4F6126DB348AEC915727AD2781879811C64,"{""metadata"": 1, ""principal"": 1, ""support"": 1}"
resource,research/hf-arbml-quran-hadith,3,3251751,C61E58857B27CBF041244E141EFA6CCF699199668F69884F6BC6B2931691F667,"{""metadata"": 1, ""principal"": 1, ""support"": 1}"
resource,research/lk-hadith-corpus,343,106397062,132A4AEF1C6899FE12916BB00938DB4CD316F394455BDA912873C1A3FF250FCC,"{""metadata"": 1, ""payload_unselected"": 335, ""support"": 7}"
resource,verification/semakhadis-api,148,1117643,B290215B36C989FD0693AAA54CF8674811DC83E937F2BB65DEA54FDBD6802A09,"{""metadata"": 1, ""payload_unselected"": 12, ""principal"": 1, ""support"": 134}"
resource,verification/semakhadis-frontend,220,5458520,8C47A57EEC8AF3FF1A704E6882A34456A4DE4D1E8EEF242725BB270E639599AE,"{""metadata"": 2, ""payload_unselected"": 4, ""support"": 214}"
subtree,collections/abdullah-naseer-six-books/README.md,1,2438,92E45C719EE35760ECA3BE49CC82B222488EC899F559DDBF3B454E4412BEB4A6,"{""metadata"": 1}"
subtree,collections/abdullah-naseer-six-books/src,6,126315194,8A922DC2A06D2DFDEDD6930BB572869DF8ACDEA707A87EBC3B4D45A059C409D3,"{""principal"": 6}"
subtree,collections/fawaz-hadith-api-v1/.github,1,4248,564BBF8B0E2EFB577A4F8C6AB78937A14CB9AE2C3473952097F572433EE316D6,"{""support"": 1}"
subtree,collections/fawaz-hadith-api-v1/.gitignore,1,46,71A75718EECBE255B26B773CDAF12A1318C030909CCF44E841D07B3D50EA8015,"{""support"": 1}"
subtree,collections/fawaz-hadith-api-v1/CONTRIBUTING.md,1,5022,983706574EB49DE5CCF1B3033DAC8223712446195289D74240F069F9EA64959B,"{""metadata"": 1}"
subtree,collections/fawaz-hadith-api-v1/LICENSE,1,1235,1B5CA94CF8BBF0EB2D3C2D5BACA920F12C2B0AB5F839F27D27FC91B67ECACFD7,"{""metadata"": 1}"
subtree,collections/fawaz-hadith-api-v1/Preprocessing.md,1,467,DDA9BE4B00FBA036E1D57268EE27DDA023F1F246877E531410E2F2E5FA832F7D,"{""metadata"": 1}"
subtree,collections/fawaz-hadith-api-v1/README.md,1,4841,2FFDA9A02236BCD53B089BE987DC0C128C89E13B96DEBA368375D4123637C3A5,"{""metadata"": 1}"
subtree,collections/fawaz-hadith-api-v1/References.md,1,2510,27C520DFC1F45DE16AD527C6F4197DD65A16CF3501482F172FDEE1ED0A9BF45F,"{""metadata"": 1}"
subtree,collections/fawaz-hadith-api-v1/apiscript.js,1,22674,4F5BA96C9BC40246D26C2720A6C56F6D63B8F53FD6391235E7DCFADF4DEE72EE,"{""support"": 1}"
subtree,collections/fawaz-hadith-api-v1/command.txt,1,0,0F69514D0FDDC886FE448DEEAE1421E53F453EF7C3C077027251F09879B8C3C2,"{""payload_unselected"": 1}"
subtree,collections/fawaz-hadith-api-v1/database/linebyline,74,255405771,6197E1E62F21630D4173C7F151D1AB9B7152A80AF4D61B8A8F13D1F0699EF51F,"{""generated"": 58, ""principal"": 16}"
subtree,collections/fawaz-hadith-api-v1/database/originals,124,461590799,44495F071F92E3D2AAF22FFC9140DCB6E819C35A7107E37652CFF4EFAA7E5AAF,"{""generated"": 95, ""principal"": 29}"
subtree,collections/fawaz-hadith-api-v1/dev.md,1,295,0C31149088A4D3F98F9D6BEF5F7DB12A10989957056684AB5E511F868A30D41D,"{""metadata"": 1}"
subtree,collections/fawaz-hadith-api-v1/download.md,1,572,B0578ECA4D66C2FF8EDDC4D2C2B9A51CB7191266677F419DB2FE3057237CB1AB,"{""metadata"": 1}"
subtree,collections/fawaz-hadith-api-v1/editions.json,1,31329,CD02B06F1349074D9D8F97ECA19487583BF9E3B1338D40A0CCF27753561DE2B5,"{""payload_unselected"": 1}"
subtree,collections/fawaz-hadith-api-v1/editions.min.json,1,25197,0EA1C6F3C08BE509401F38C2B1DC33E8BC606E81BCD46EA675E0779BCDC91C37,"{""mirror"": 1}"
subtree,collections/fawaz-hadith-api-v1/editions/ara-abudawud,10636,31076365,62FE846E5365541964203B5A5518DCBA0F137EF8AF4EDD794B15DB0A3FB11CF7,"{""generated"": 5318, ""mirror"": 5318}"
subtree,collections/fawaz-hadith-api-v1/editions/ara-abudawud.json,1,7479026,8EC14AFBAD2C93E1668A12B609060AF2442C5E3CEEB6D8F8AD78806751F84E41,"{""principal"": 1}"
subtree,collections/fawaz-hadith-api-v1/editions/ara-abudawud.min.json,1,6623115,0EF8AE8488A06146DABB0F10DBF4C4FA5C0A6AF990267A7F7228927DC8F45F27,"{""principal"": 1}"
subtree,collections/fawaz-hadith-api-v1/editions/ara-abudawud1,10636,22347089,EDCE8B46B9B5038D8149F85792D87B101E900AD680AB957A1D57E261F9BC9304,"{""generated"": 5318, ""mirror"": 5318}"
subtree,collections/fawaz-hadith-api-v1/editions/ara-abudawud1.json,1,5296707,F7017A6BF90E2BE610CCC9CDEDB96B5E0ECA8A156B0161203EF761D3965876D9,"{""principal"": 1}"
subtree,collections/fawaz-hadith-api-v1/editions/ara-abudawud1.min.json,1,4440796,88BFFF7CC26C4DF1A3F7CEB84B0D67A1567E6C5B0EB995CF9E1A3D13A6145A71,"{""mirror"": 1}"
subtree,collections/fawaz-hadith-api-v1/editions/ara-bukhari,15322,42561926,43C356C8AEE12E35D5DBF4CA89674B27FED3B8E59F46E44B5AC359DC51CC3218,"{""generated"": 7661, ""mirror"": 7661}"
subtree,collections/fawaz-hadith-api-v1/editions/ara-bukhari.json,1,9846669,9804D9D963BCA9076E044BE8006452F35CF6C34E2FA18297331B3FE595DC87A8,"{""principal"": 1}"
subtree,collections/fawaz-hadith-api-v1/editions/ara-bukhari.min.json,1,9409647,AC53D0EF42169A773570AF8E04DB53DB7B0AECFEFAD7DE3341872ED7CFE8F3AD,"{""principal"": 1}"
subtree,collections/fawaz-hadith-api-v1/editions/ara-bukhari1,15322,28131810,8D771D4958C2DACA76D64408B0CE8CF8314CFFAA3073BBAAD6A44425BC18D224,"{""generated"": 7661, ""mirror"": 7661}"
subtree,collections/fawaz-hadith-api-v1/editions/ara-bukhari1.json,1,6239140,BD3BB1B92814046070E0B27E5A73D384B1A38636A47D62FC7DA6D4846D5C58D0,"{""principal"": 1}"
subtree,collections/fawaz-hadith-api-v1/editions/ara-bukhari1.min.json,1,5802118,4185548B946563CD011ED37778F4680A2457164429720B33099C0F71188274DF,"{""principal"": 1}"
subtree,collections/fawaz-hadith-api-v1/editions/ara-dehlawi,84,56159,CD2156C897C7F1F12474DC593EFD2D927279E50EBDD7CE3FC3FB51248586A7D2,"{""generated"": 42, ""mirror"": 42}"
subtree,collections/fawaz-hadith-api-v1/editions/ara-dehlawi.json,1,9592,EBC64F10E5EC399BB295515B474D85F01D163A38DE627679E92C58C8F97AEE82,"{""payload_unselected"": 1}"
subtree,collections/fawaz-hadith-api-v1/editions/ara-dehlawi.min.json,1,7183,2CCC09DF5C552FEBCD5CF7676022E2B19E6B483A6DC1461678C37D1AEDF09298,"{""mirror"": 1}"
subtree,collections/fawaz-hadith-api-v1/editions/ara-dehlawi1,84,50807,B2E5B3A90550DD8C387D115AFB1B668A41F06A7BF4FC769C978D88F8A534C3F8,"{""generated"": 42, ""mirror"": 42}"
subtree,collections/fawaz-hadith-api-v1/editions/ara-dehlawi1.json,1,8254,05FA3CDF0DC43E8C85AB20C1C57088E328CD73857E759192EEA1E673EF70BBDE,"{""payload_unselected"": 1}"
subtree,collections/fawaz-hadith-api-v1/editions/ara-dehlawi1.min.json,1,5845,69ECCF3EC6628B2D64E866E9ADF775F7018A4611D2D3AC70D3DFF949D2AE1883,"{""mirror"": 1}"
subtree,collections/fawaz-hadith-api-v1/editions/ara-ibnmajah,8758,23640506,1193F680AFB5AC5589CAB3A94640DED6DA47200DE8555DAB519F7C22C9B273D4,"{""generated"": 4379, ""mirror"": 4379}"
subtree,collections/fawaz-hadith-api-v1/editions/ara-ibnmajah.json,1,5695881,A8DAC1245DA0318D70F8E54F26299EBA9E24027F7DD4A157441EB60C7F8D0AE4,"{""principal"": 1}"
subtree,collections/fawaz-hadith-api-v1/editions/ara-ibnmajah.min.json,1,4971752,C4CC30BF8B1CA9DECD5F592957CA51A2BA620D592481E64C4ACBB17824FFBFBE,"{""mirror"": 1}"
subtree,collections/fawaz-hadith-api-v1/editions/ara-ibnmajah1,8758,17160454,27055759E933E072967787247070C2BDEBD43D6ADDBA4E0A5C35F37AF0A3714F,"{""generated"": 4379, ""mirror"": 4379}"
subtree,collections/fawaz-hadith-api-v1/editions/ara-ibnmajah1.json,1,4075868,3D1FF769C230D9FCE4BFB968B0DA6A347FD0E2ADE5C3522ADEF2F971F9C1EED9,"{""payload_unselected"": 1}"
subtree,collections/fawaz-hadith-api-v1/editions/ara-ibnmajah1.min.json,1,3351739,B2A996C612612EB94356281A70D3C3B1DDAE8574820694835ABF597ECE622323,"{""mirror"": 1}"
subtree,collections/fawaz-hadith-api-v1/editions/ara-malik,3840,9286366,5B8F9F18A64A5932B5C06D10CA1457842D87CDDD9D0B214AA1DA0C456315C334,"{""generated"": 1920, ""mirror"": 1920}"
subtree,collections/fawaz-hadith-api-v1/editions/ara-malik.json,1,2178651,67B50653E26C0F057C8C500056CF4D7747166FEDB5CB5D3AFEDB654F7436B7F7,"{""payload_unselected"": 1}"
subtree,collections/fawaz-hadith-api-v1/editions/ara-malik.min.json,1,2008602,BA39995AC5C34E9A400E854B6180C484BBD5C9702EC475CD45C336041AF72C43,"{""mirror"": 1}"
subtree,collections/fawaz-hadith-api-v1/editions/ara-malik1,3840,6322218,17F78BE44DEE58CF6BCEEE7FA45CA39D8D3A4C03E14383331D0BA5D0DA5E20E8,"{""generated"": 1920, ""mirror"": 1920}"
subtree,collections/fawaz-hadith-api-v1/editions/ara-malik1.json,1,1437614,DEA0F77612DE233173F541EE6FF98F4D23F4053764857B14E6915AFBFBC1CD4C,"{""payload_unselected"": 1}"
subtree,collections/fawaz-hadith-api-v1/editions/ara-malik1.min.json,1,1267565,07B363D7B4C453FBAAAE6A57983FE27BAF3370F38297B1635F98A40E2EB5753E,"{""mirror"": 1}"
subtree,collections/fawaz-hadith-api-v1/editions/ara-muslim,15240,38248240,2C457BD3C93A58AD651466827E4D697240BAC492EA32040A022C4047706C0629,"{""generated"": 7620, ""mirror"": 7620}"
subtree,collections/fawaz-hadith-api-v1/editions/ara-muslim.json,1,8760835,DDAD86A0202588FDD9DEB2683A80EA01D197B2E0B71C1B6349D93A706BED123D,"{""principal"": 1}"
subtree,collections/fawaz-hadith-api-v1/editions/ara-muslim.min.json,1,8329204,04732AC7F6FD6CFDCBD7E52548B290CE7C2398690B1F50862320713249277FC1,"{""principal"": 1}"
subtree,collections/fawaz-hadith-api-v1/editions/ara-muslim1,15240,25549464,D57E9A550F8EEA84B6A6B8434948C79D400408DE2E16969DCB6940ECC164EFF5,"{""generated"": 7620, ""mirror"": 7620}"
subtree,collections/fawaz-hadith-api-v1/editions/ara-muslim1.json,1,5586141,E82448537A637D120CEB13A728C8A007CA24B8634DC3A8419B29D687C30E62D5,"{""principal"": 1}"
subtree,collections/fawaz-hadith-api-v1/editions/ara-muslim1.min.json,1,5154510,36E449AF2506554F2435913EC67EBC2CEE6B3D6115DC7DD39854D91AABD86397,"{""mirror"": 1}"
subtree,collections/fawaz-hadith-api-v1/editions/ara-nasai,11620,30548836,A96511335B462AA669DE61C60E63200369EEAE2139EDA697F428A20B8F678F05,"{""generated"": 5810, ""mirror"": 5810}"
subtree,collections/fawaz-hadith-api-v1/editions/ara-nasai.json,1,7284253,EB5821C8AB105A574DEF3373FF533713BFFEB58DB0CB198E90EC2A7222865108,"{""principal"": 1}"
subtree,collections/fawaz-hadith-api-v1/editions/ara-nasai.min.json,1,6447219,6F61E59E419444D60D49D3D8BA56C986C40FAF95BE069F1C218EE54682CCB725,"{""principal"": 1}"
subtree,collections/fawaz-hadith-api-v1/editions/ara-nasai1,11620,21891068,24F525D7F1A86C114BA6F70B5968399BA9CD6AEA3B24078F5CD045D734DC8406,"{""generated"": 5810, ""mirror"": 5810}"
subtree,collections/fawaz-hadith-api-v1/editions/ara-nasai1.json,1,5119811,4FBC382E8C2D410F89BD7FFC58E9CAF694513DB7EBA7309A8509F0DC8085529C,"{""payload_unselected"": 1}"
subtree,collections/fawaz-hadith-api-v1/editions/ara-nasai1.min.json,1,4282777,5B85D6B44AD02CE5249A3D8DFEB0F2F0F61E00F1F735C79460C085456ECB26B5,"{""mirror"": 1}"
subtree,collections/fawaz-hadith-api-v1/editions/ara-nawawi,88,215701,A46D665BC821F9FC301E03001AA15C239E550AF37B8367174AB8EDF39E0DA1A3,"{""generated"": 44, ""mirror"": 44}"
subtree,collections/fawaz-hadith-api-v1/editions/ara-nawawi.json,1,49784,DFE1FC556D4FD27833186E7EB8040441778B40210D962EBF159A876D4894A7C3,"{""payload_unselected"": 1}"
subtree,collections/fawaz-hadith-api-v1/editions/ara-nawawi.min.json,1,47261,A8E87CD8B77D8F1A0BD8E875F65A5134E6BB3F71D4DD601EDD18720BFF2AC113,"{""mirror"": 1}"
subtree,collections/fawaz-hadith-api-v1/editions/ara-nawawi1,88,148189,94C7C0CF27FE26FED87335C88153E705F27F4BE23F290F53D40768ECF220F3DC,"{""generated"": 44, ""mirror"": 44}"
subtree,collections/fawaz-hadith-api-v1/editions/ara-nawawi1.json,1,32906,AD9B555B17D6CFC996E6AD058C9C27B468CEC79FF8036239AE90B13CD57223CB,"{""payload_unselected"": 1}"
subtree,collections/fawaz-hadith-api-v1/editions/ara-nawawi1.min.json,1,30383,9830310E88FDC064C19D867CA68138E0321F0FC22F008A86FCC650C9A9A4BE84,"{""mirror"": 1}"
subtree,collections/fawaz-hadith-api-v1/editions/ara-qudsi,84,237359,2A51A8070F585DDF6D6176B01CD57019B5C6658F13B262744F77EDFC91142AE9,"{""generated"": 42, ""mirror"": 42}"
subtree,collections/fawaz-hadith-api-v1/editions/ara-qudsi.json,1,55682,34D2FF75EB80D12F18B798A14607263A9AFFF864BC6872A9174CD0D316220066,"{""payload_unselected"": 1}"
subtree,collections/fawaz-hadith-api-v1/editions/ara-qudsi.min.json,1,53273,96A4EB6E0C1303A9ECB0B58C2994D053910FDD20C452CC4DDC5A377017F75BFA,"{""mirror"": 1}"
subtree,collections/fawaz-hadith-api-v1/editions/ara-qudsi1,84,160743,D4CFAF2BD25A9B6457686E40621D9C9D03AF57B47A6EB0CDFBFC13B284B1A9C7,"{""generated"": 42, ""mirror"": 42}"
subtree,collections/fawaz-hadith-api-v1/editions/ara-qudsi1.json,1,36528,8A26635B01865FE1777C4DBEA2300B079E031A2358F403CA1038B896BAEA1327,"{""payload_unselected"": 1}"
subtree,collections/fawaz-hadith-api-v1/editions/ara-qudsi1.min.json,1,34119,9FFC5B270396B72259E5EE8839AD6757DD23B720ACC6E7306EC758BA59557FD9,"{""mirror"": 1}"
subtree,collections/fawaz-hadith-api-v1/editions/ara-tirmidhi,8012,29708937,422EA5DFC65A51B0B5927CEFBF0F0E872B54D3CF92B5F9A5910B7AA1A1FEC11D,"{""generated"": 4006, ""mirror"": 4006}"
subtree,collections/fawaz-hadith-api-v1/editions/ara-tirmidhi.json,1,7220348,D4F1692C7AFC570196CD9EF8BDDE418834A63C9292DBDDF6D9350FAF20197EF4,"{""principal"": 1}"
subtree,collections/fawaz-hadith-api-v1/editions/ara-tirmidhi.min.json,1,6583667,EF5647A9B6A1651AB3FF69B7E6A740E464E23C64B5D3D18F37223E4979C882A1,"{""principal"": 1}"
subtree,collections/fawaz-hadith-api-v1/editions/ara-tirmidhi1,8012,20314885,78F44CACCFFDAFF1C90DD5788A930D1F0166E80196B7AEF5EAB1A29566F50A77,"{""generated"": 4006, ""mirror"": 4006}"
subtree,collections/fawaz-hadith-api-v1/editions/ara-tirmidhi1.json,1,4871835,51D18CBF4D4DA64D6BD4A35AE1814D87829B87557694B5D86F641F5901B47D5E,"{""payload_unselected"": 1}"
subtree,collections/fawaz-hadith-api-v1/editions/ara-tirmidhi1.min.json,1,4235154,5EA52A6B24034E23D3F7CB37130004F0BA219F9A8AC4FCBDA5F44A22CEEA1E33,"{""mirror"": 1}"
subtree,collections/fawaz-hadith-api-v1/editions/ben-abudawud,10636,35117917,92639FCC3476C0E4860A1DF00F9E2EC292012936B1E630A73E8D372EB7439DFD,"{""generated"": 5318, ""mirror"": 5318}"
subtree,collections/fawaz-hadith-api-v1/editions/ben-abudawud.json,1,8489414,26592B532DFA3DA94BF81E41F489ADB6C002CD086CBE05B251788DCFF8C8564B,"{""principal"": 1}"
subtree,collections/fawaz-hadith-api-v1/editions/ben-abudawud.min.json,1,7633503,F3749956C098D98222272CF4E4CF07846F3CAB2EB1C3C06654BBF44F4667E56F,"{""principal"": 1}"
subtree,collections/fawaz-hadith-api-v1/editions/ben-bukhari,15322,63774302,69D75447086C9D5D9386A304B68EAFECA96CE2A870972860B627C9502F86A24F,"{""generated"": 7661, ""mirror"": 7661}"
subtree,collections/fawaz-hadith-api-v1/editions/ben-bukhari.json,1,15149763,A4354AF900FCE85BBFC1F033145C32FFA7901A80130A5B3B60117345E80820E0,"{""principal"": 1}"
subtree,collections/fawaz-hadith-api-v1/editions/ben-bukhari.min.json,1,14712741,C8D6DC75FBB7312C9695527DFD04FBA35B18C59ADA36B19DD6481CA07FBD7C28,"{""principal"": 1}"
subtree,collections/fawaz-hadith-api-v1/editions/ben-ibnmajah,8758,24259898,1DADD7FEA909B3C8A34F50D84B9256E7BE8525E1B6A9F0340FB41C0C98FD4592,"{""generated"": 4379, ""mirror"": 4379}"
subtree,collections/fawaz-hadith-api-v1/editions/ben-ibnmajah.json,1,5850729,75273ED29CF85ADE63836B4E3C7B6DA7426C534D357F293E4AF502FC0071EB5D,"{""principal"": 1}"
subtree,collections/fawaz-hadith-api-v1/editions/ben-ibnmajah.min.json,1,5126600,6241598CA5CBB917846DEF5F7C08A50757F0A483BBC983B02AF7DD92B99CF2CA,"{""mirror"": 1}"
subtree,collections/fawaz-hadith-api-v1/editions/ben-malik,3840,12836574,9653DA270826879998C7C0EA0A6DDD9826B2E791FE9E1F61E1CB6C3CB882A112,"{""generated"": 1920, ""mirror"": 1920}"
subtree,collections/fawaz-hadith-api-v1/editions/ben-malik.json,1,3066203,F226E47D6FAC5186EFDBA5F68E3FCCA4A55AC6F465B490240685EC518D0698CF,"{""payload_unselected"": 1}"
subtree,collections/fawaz-hadith-api-v1/editions/ben-malik.min.json,1,2896154,9DF475C25D8439F39A6E97143731FDE3B345D293D6C3896D87EC26020EF569EB,"{""mirror"": 1}"
subtree,collections/fawaz-hadith-api-v1/editions/ben-muslim,15240,48817176,84D568EEF89D696060AE8E2E746D4FAFBA34F020269D28492ECC40F4AA523BD8,"{""generated"": 7620, ""mirror"": 7620}"
subtree,collections/fawaz-hadith-api-v1/editions/ben-muslim.json,1,11403069,AE0E8B6DA6529F261DAD2A9F433FBFF4CA5300FAE256B13053C1AA726C64000D,"{""principal"": 1}"
subtree,collections/fawaz-hadith-api-v1/editions/ben-muslim.min.json,1,10971438,08822CC73C7813FFE93866E0E72FFB0815BBDEDD4C9707F767B9F4D9F62662F3,"{""principal"": 1}"
subtree,collections/fawaz-hadith-api-v1/editions/ben-nasai,11620,34122336,AEA221A264DB2418F5CC7A3633C6BB4A68F4C66694CA8DD2B750CED7D82B7BE5,"{""generated"": 5810, ""mirror"": 5810}"
subtree,collections/fawaz-hadith-api-v1/editions/ben-nasai.json,1,8177628,9BC18B5ED07EC9C27FD460CFB0A693BD39CCF782BD1A3B64685B36097D6DB582,"{""principal"": 1}"
subtree,collections/fawaz-hadith-api-v1/editions/ben-nasai.min.json,1,7340594,7DCF9E8C7DB543584FCC96B70FEE9DDC596D9025E54FD6F3394FD5AFF4BF2D61,"{""principal"": 1}"
subtree,collections/fawaz-hadith-api-v1/editions/ben-nawawi,88,301009,AC883BF97F014803719B15EEDFFADD039EEAA0145C7BB081DFAF93E9BC3056E6,"{""generated"": 44, ""mirror"": 44}"
subtree,collections/fawaz-hadith-api-v1/editions/ben-nawawi.json,1,71111,45499672F2BBA5FE9694B42A3F0BF3400DD95037E3B103CD65BF8C40479BBE67,"{""payload_unselected"": 1}"
subtree,collections/fawaz-hadith-api-v1/editions/ben-nawawi.min.json,1,68588,9281435CDC294A446BD8F5D22D6B803EE8C327E707008EDBEE38C43F4332F329,"{""mirror"": 1}"
subtree,collections/fawaz-hadith-api-v1/editions/ben-tirmidhi,8012,36172777,71364D2E645510CDE2D4390A85122C92995BDC80FEB208BE4830A417A20E66A2,"{""generated"": 4006, ""mirror"": 4006}"
subtree,collections/fawaz-hadith-api-v1/editions/ben-tirmidhi.json,1,8836308,99A958ACF296A297154AD58E7834F450AA7637695366EFFF4F4B38FE0A42225A,"{""principal"": 1}"
subtree,collections/fawaz-hadith-api-v1/editions/ben-tirmidhi.min.json,1,8199627,AA3FF8B7B9B94CD50758D9400BC9B7EDE6CA4381413DC14B7F4124A182BE7589,"{""principal"": 1}"
subtree,collections/fawaz-hadith-api-v1/editions/eng-abudawud,10636,18939909,93D6080242A0705DC566EF1F7EDC8EAA3CCF06B63FF9D6DAA1F20943DFDF39A3,"{""generated"": 5318, ""mirror"": 5318}"
subtree,collections/fawaz-hadith-api-v1/editions/eng-abudawud.json,1,4444912,8672D2899B2CF7EBF3B237BF406BC31301418AD937E35A4485A04E028DAB4255,"{""payload_unselected"": 1}"
subtree,collections/fawaz-hadith-api-v1/editions/eng-abudawud.min.json,1,3589001,68BE27F95A12932D18F9DBC810737561959181BA280FFD6EAACDA5B1E7E14516,"{""mirror"": 1}"
subtree,collections/fawaz-hadith-api-v1/editions/eng-bukhari,15322,24208494,975216E9BBC2B1F1B619DC815E7241AC8F31CF852A807FD07E1A5AFA56C9632A,"{""generated"": 7661, ""mirror"": 7661}"
subtree,collections/fawaz-hadith-api-v1/editions/eng-bukhari.json,1,5258311,B0748A0F7DA8FC65A3BF8B1CBCDA61EC953BAF123FA8D45EC4AFEC8A6B7B8E16,"{""principal"": 1}"
subtree,collections/fawaz-hadith-api-v1/editions/eng-bukhari.min.json,1,4821289,C92BBD84E04E66AAA3A1A446FEFF2DF3690C68BBD595332CDCD292E5C20FC14C,"{""mirror"": 1}"
subtree,collections/fawaz-hadith-api-v1/editions/eng-dehlawi,84,51851,2E3BA740ED150F424B3BA184E4AE440347A5C8FDDFB40BF30E0680DFEA6FED88,"{""generated"": 42, ""mirror"": 42}"
subtree,collections/fawaz-hadith-api-v1/editions/eng-dehlawi.json,1,8515,58AF8897B29AA54E157C5DF1337C192C26BD073B6F9ACBBB74BC07528A4ADF7F,"{""payload_unselected"": 1}"
subtree,collections/fawaz-hadith-api-v1/editions/eng-dehlawi.min.json,1,6106,2DF018DDEEC9CB5B679E8B4B97A8C54132A80E6CE81A13BFA3D7B2DB67C33F2A,"{""mirror"": 1}"
subtree,collections/fawaz-hadith-api-v1/editions/eng-ibnmajah,8758,14272450,1DF62904BDDC52401E1B4C7F40C49FF417752382BE2FEDD1B92FFDDB40486A1E,"{""generated"": 4379, ""mirror"": 4379}"
subtree,collections/fawaz-hadith-api-v1/editions/eng-ibnmajah.json,1,3353867,80BDEA353C7138F67010786BAB126BE3987631A642B05EEA21D74D6AE87FE278,"{""payload_unselected"": 1}"
subtree,collections/fawaz-hadith-api-v1/editions/eng-ibnmajah.min.json,1,2629738,8313138243A26D87393067D2DB8ECC2265482086063C5ABFE03414A962ABE4F9,"{""mirror"": 1}"
subtree,collections/fawaz-hadith-api-v1/editions/eng-malik,3840,7144858,97F105B59678FA9848228526E80C576F934BB2DBCB5F6B57886A766AA8E8F4CD,"{""generated"": 1920, ""mirror"": 1920}"
subtree,collections/fawaz-hadith-api-v1/editions/eng-malik.json,1,1643274,C4FD179B5BE87811978B5AAE942B2423FF01F6E2C6A011B04B8447E20D792632,"{""payload_unselected"": 1}"
subtree,collections/fawaz-hadith-api-v1/editions/eng-malik.min.json,1,1473225,F794CBACF18BA0248A182A9189486D04444B45B5D3F3B9F808B84E3A3C613955,"{""mirror"": 1}"
subtree,collections/fawaz-hadith-api-v1/editions/eng-muslim,15240,20692288,CA40F7F90A40B27CF8450641C66743A0668CD88FF68B4B0A19D7DEAA63BCB4F7,"{""generated"": 7620, ""mirror"": 7620}"
subtree,collections/fawaz-hadith-api-v1/editions/eng-muslim.json,1,4371847,141E3C0C41A65BB2D4CCD51DE40B9C4BE98B95101131C71E0A3B1506D7D61002,"{""payload_unselected"": 1}"
subtree,collections/fawaz-hadith-api-v1/editions/eng-muslim.min.json,1,3940216,85FE0FBF091F6F4D9BE06B7637C66F3C060C8BC975D53B90F1554C93CE569EB6,"{""mirror"": 1}"
subtree,collections/fawaz-hadith-api-v1/editions/eng-nasai,11620,18075364,4E853260A49074B5692443E31EA579D08976393B74C32430605A0A1D2CBD16AB,"{""generated"": 5810, ""mirror"": 5810}"
subtree,collections/fawaz-hadith-api-v1/editions/eng-nasai.json,1,4165885,B77E420A77E70859F6644F6E16D89C1919619DBCF39BB9C420C8840615CC3409,"{""payload_unselected"": 1}"
subtree,collections/fawaz-hadith-api-v1/editions/eng-nasai.min.json,1,3328851,DB1C9F95BB6FE7499829155C4A925FDC2B9CDF2EB4C205893C87A55DD6E344C4,"{""mirror"": 1}"
subtree,collections/fawaz-hadith-api-v1/editions/eng-nawawi,88,162377,41F1FAC83F460BCA69F4866D66992B0408167DFD38C542DC823899EDAEA9A77A,"{""generated"": 44, ""mirror"": 44}"
subtree,collections/fawaz-hadith-api-v1/editions/eng-nawawi.json,1,36453,686169D6A5A92CB7AD4B2826EAAA1E1C2D7E88D1A4DD1C0DC5A73FED0944C80C,"{""payload_unselected"": 1}"
subtree,collections/fawaz-hadith-api-v1/editions/eng-nawawi.min.json,1,33930,0AD04809A8BB48E12E5B9CF8C17377FDA398C8AC37700A3C5D6E03333DE8E184,"{""mirror"": 1}"
subtree,collections/fawaz-hadith-api-v1/editions/eng-qudsi,84,181923,F908CEBE20EBEF39BD65D5041A51DBB9570B454A8FB90032AF93655B5F008026,"{""generated"": 42, ""mirror"": 42}"
subtree,collections/fawaz-hadith-api-v1/editions/eng-qudsi.json,1,41823,E4F7F35E4B1EE56F13E0F757EED82FD98C15C1E56A30EFBA599274805C69C5E8,"{""payload_unselected"": 1}"
subtree,collections/fawaz-hadith-api-v1/editions/eng-qudsi.min.json,1,39414,DDB1422D5BBB04F2E3240699D70E6B6DD5CA921CBB2F47F1A630930F3C6EDDBF,"{""mirror"": 1}"
subtree,collections/fawaz-hadith-api-v1/editions/eng-tirmidhi,8012,13724901,688BD30A5FBD956573112728565D103BD69E8CC74CF9F9579A64E30A2362FBAD,"{""generated"": 4006, ""mirror"": 4006}"
subtree,collections/fawaz-hadith-api-v1/editions/eng-tirmidhi.json,1,3224339,B4C33D2A41AE79DF7C02F797CC86AE7AECE739D2B7BD0EA53F7124F00F885A40,"{""payload_unselected"": 1}"
subtree,collections/fawaz-hadith-api-v1/editions/eng-tirmidhi.min.json,1,2587658,875FF4FDC776DA549526E234EDBA3A76CFFD7FAE210563C46DCA62F873BF0CC7,"{""mirror"": 1}"
subtree,collections/fawaz-hadith-api-v1/editions/fra-abudawud,10636,20200517,19EFE4A82DF1DCE85D7C0F3EF82A311B8FF200EADC0999516CE766FDD1E35755,"{""generated"": 5318, ""mirror"": 5318}"
subtree,collections/fawaz-hadith-api-v1/editions/fra-abudawud.json,1,4760064,E1C0312EF7935216B2BEE7D75E29B91729403F661BC05B1EF9A976724135421C,"{""payload_unselected"": 1}"
subtree,collections/fawaz-hadith-api-v1/editions/fra-abudawud.min.json,1,3904153,0B3C76CD56635F1395E195041D0F7845A13409A7270EE4E4BA641F41CC86A1D4,"{""mirror"": 1}"
subtree,collections/fawaz-hadith-api-v1/editions/fra-bukhari,15322,25702622,E94135E16B5ECA771CD39DAF5AAE111186CA7AB7A0749E88ADEF8EE62BAEC4FB,"{""generated"": 7661, ""mirror"": 7661}"
subtree,collections/fawaz-hadith-api-v1/editions/fra-bukhari.json,1,5631843,EDB63A263BFD55AA9043F0910D224307A586DA0C8CA7413DFCAC60D9D04A9C2F,"{""principal"": 1}"
subtree,collections/fawaz-hadith-api-v1/editions/fra-bukhari.min.json,1,5194821,DE8AB1BF3B466A3E1CC72EBCB7C29C989CCA1A7E3777F39CFA6BAD01697C6EA3,"{""mirror"": 1}"
subtree,collections/fawaz-hadith-api-v1/editions/fra-dehlawi,84,52895,C7E541A269F18190BFA198DBF0DA863B086DCF17812D5932221417AA1F602F53,"{""generated"": 42, ""mirror"": 42}"
subtree,collections/fawaz-hadith-api-v1/editions/fra-dehlawi.json,1,8776,16D3DC09EBACFA38EAB4430B54DC7FFD1A21F801806474D6DEF9C5468ADA968C,"{""payload_unselected"": 1}"
subtree,collections/fawaz-hadith-api-v1/editions/fra-dehlawi.min.json,1,6367,2BAE0D1E42C1A31828A09DEFC2A6EB039C81C4C61BD07A4A4468BABAD73F5224,"{""mirror"": 1}"
subtree,collections/fawaz-hadith-api-v1/editions/fra-ibnmajah,8758,14486422,3DE4D41500F9B6C4D176A79373CB2ECC7D18D9FA0C8EBB470C8EC8A26E101C13,"{""generated"": 4379, ""mirror"": 4379}"
subtree,collections/fawaz-hadith-api-v1/editions/fra-ibnmajah.json,1,3407360,A12BFE5F39751E5D1699F0D27D9D3F29B75D8C9163FF8437369A98ABE11662B8,"{""payload_unselected"": 1}"
subtree,collections/fawaz-hadith-api-v1/editions/fra-ibnmajah.min.json,1,2683231,2EA15D4BF59F40ECFBE6EFC6DB523F143C6059188AB241475AA8500D9BCB967B,"{""mirror"": 1}"
subtree,collections/fawaz-hadith-api-v1/editions/fra-malik,3840,6731264,B6EA07EFC506BEDAD23C6E6850F7D5079E59432DEEC9E9416E2B3A8475B9FAE8,"{""generated"": 1920, ""mirror"": 1920}"
subtree,collections/fawaz-hadith-api-v1/editions/fra-malik.json,1,1541044,DD5812B9A5D7AF2592963E39A9EA63D6577970234E7E3E584C5734D0FB5108A4,"{""payload_unselected"": 1}"
subtree,collections/fawaz-hadith-api-v1/editions/fra-malik.min.json,1,1368658,A72B1ADC43D33E7DB09CCD2F27007D454436C99E928C446CB1851CD0BCD967D3,"{""mirror"": 1}"
subtree,collections/fawaz-hadith-api-v1/editions/fra-muslim,15240,21092280,FFADB5263FDF08F4CEABF9D12A3CAA3026A4453D433CB6C49FACA8B9B1E68AD1,"{""generated"": 7620, ""mirror"": 7620}"
subtree,collections/fawaz-hadith-api-v1/editions/fra-muslim.json,1,4471845,6C3946F854C5A7940F8E51004A35C3E5E35518378098714BFB196F936B038DE2,"{""payload_unselected"": 1}"
subtree,collections/fawaz-hadith-api-v1/editions/fra-muslim.min.json,1,4040214,6BA82F451C9B004DDD0F61FC80A7E400F3C43D6EAB788B4EB4D7D7A01530BFE4,"{""mirror"": 1}"
subtree,collections/fawaz-hadith-api-v1/editions/fra-nasai,11620,18614120,8A183FE7C0BF9BCBE56775828745A48022E9BA2BE22A61B8526A64F4DEA249A5,"{""generated"": 5810, ""mirror"": 5810}"
subtree,collections/fawaz-hadith-api-v1/editions/fra-nasai.json,1,4300574,A0A1A981E4D2573C113B445E075765FBB031D036912F142E73E97E2D820B6D1B,"{""payload_unselected"": 1}"
subtree,collections/fawaz-hadith-api-v1/editions/fra-nasai.min.json,1,3463540,AC885B251BA55E35E870CCDA89DFC98B49651D3AED69DFEAE2E15C85230A7376,"{""mirror"": 1}"
subtree,collections/fawaz-hadith-api-v1/editions/fra-nawawi,88,147113,A46DF6E8AFAD1856EF225326BBCFA95E5B4A65825A8C26CEC969D71F6888ECD2,"{""generated"": 44, ""mirror"": 44}"
subtree,collections/fawaz-hadith-api-v1/editions/fra-nawawi.json,1,32637,D90B211C325AC5A6CAB20D5CDBDDBD19021EF474A1C191E922AE01C05AD05D8C,"{""payload_unselected"": 1}"
subtree,collections/fawaz-hadith-api-v1/editions/fra-nawawi.min.json,1,30114,1F88005C7981BEEDD08938A6487996EB4EC1F72A3140AF1B0A5799FC26BF8095,"{""mirror"": 1}"
subtree,collections/fawaz-hadith-api-v1/editions/fra-qudsi,84,162055,7EB83D883E2C1E5DAA084D2376C48FC86121CA49E268168690D8D05947399F69,"{""generated"": 42, ""mirror"": 42}"
subtree,collections/fawaz-hadith-api-v1/editions/fra-qudsi.json,1,36856,B30045459B300D41B6CC41547717984A3A203E4F588FF7D056A8F3ADC24EE2EE,"{""payload_unselected"": 1}"
subtree,collections/fawaz-hadith-api-v1/editions/fra-qudsi.min.json,1,34447,BEEBE5A70491EE3E1C50B1A78D79299A10E77D98268780AFD4402BF94CBF7C26,"{""mirror"": 1}"
subtree,collections/fawaz-hadith-api-v1/editions/ind-abudawud,10636,24158117,C5E6D8D3928545A98828D161A0485F43FD43436C33641C30312F9FCFBD80D75A,"{""generated"": 5318, ""mirror"": 5318}"
subtree,collections/fawaz-hadith-api-v1/editions/ind-abudawud.json,1,5749464,AA92A7360C1192C1AD738E01B9E02038976737AB34B0EDE0524439CEE55A9BAB,"{""principal"": 1}"
subtree,collections/fawaz-hadith-api-v1/editions/ind-abudawud.min.json,1,4893553,A26884A2831980DF8719197F660DC26E8EF08CE1CAA855306BFE4629BE367C8B,"{""mirror"": 1}"
subtree,collections/fawaz-hadith-api-v1/editions/ind-bukhari,15322,31127422,A440F12F26EEDB0F7EDB4AC8375827293E8B3EA4966106D1921408219D0E8049,"{""generated"": 7661, ""mirror"": 7661}"
subtree,collections/fawaz-hadith-api-v1/editions/ind-bukhari.json,1,6988043,3F0602BC1149013E25B4FC89E17F3907A2937FC478CB7CDE0CEEA722F20AF46D,"{""principal"": 1}"
subtree,collections/fawaz-hadith-api-v1/editions/ind-bukhari.min.json,1,6551021,F6333CCEBB787D4D000DD6A6420A453987D76202A3559DE586FFC16510A9599D,"{""principal"": 1}"
subtree,collections/fawaz-hadith-api-v1/editions/ind-ibnmajah,8758,18530514,16C47906852F3700C1FD292CF2E0CB822115F29AEB222ACBE4F2B167291FECEF,"{""generated"": 4379, ""mirror"": 4379}"
subtree,collections/fawaz-hadith-api-v1/editions/ind-ibnmajah.json,1,4418383,F5987D9CD61BD7D82E3782D4B2D9BD68B17A973A4F0A49CC6B90D529232D8738,"{""payload_unselected"": 1}"
subtree,collections/fawaz-hadith-api-v1/editions/ind-ibnmajah.min.json,1,3694254,00652D1469E3AC92EF877AC0BFE098B6DD5B6244EF2AB22688EDB2E9A2B02070,"{""mirror"": 1}"
subtree,collections/fawaz-hadith-api-v1/editions/ind-malik,3840,5490236,373404DC6B96BBD69B4148E1EA7CD38EFE2819659B187165D394EACA58B6B00C,"{""generated"": 1920, ""mirror"": 1920}"
subtree,collections/fawaz-hadith-api-v1/editions/ind-malik.json,1,1229647,988A2F60B18F36D18E818C0B6F2AB977C24A8D383490F67FAACFF655AF6C7CCF,"{""payload_unselected"": 1}"
subtree,collections/fawaz-hadith-api-v1/editions/ind-malik.min.json,1,1059541,E248E757442FCA04CF2E4875E628E507D75F0A3A58CACF46E81AA19CF5AFE83F,"{""mirror"": 1}"
subtree,collections/fawaz-hadith-api-v1/editions/ind-muslim,15240,27594444,1FDEA27A41549C4A3F1D1CF3A63D658D0A4488378A5CF4052D42339870AA4418,"{""generated"": 7620, ""mirror"": 7620}"
subtree,collections/fawaz-hadith-api-v1/editions/ind-muslim.json,1,6097386,116E647ABAEEDAD555CAEF39D78DCF38761E47F8A47242EFCDABB7C3BC05DC56,"{""principal"": 1}"
subtree,collections/fawaz-hadith-api-v1/editions/ind-muslim.min.json,1,5665755,D43D2187360BD9F2E2843E637D4F0FFD143BF02B51376CDB692A83C234C97810,"{""principal"": 1}"
subtree,collections/fawaz-hadith-api-v1/editions/ind-nasai,11620,23415792,097BEF0F8B3633605AC1944D2558A96704DDE75783463A1A397244D7FD3575E0,"{""generated"": 5810, ""mirror"": 5810}"
subtree,collections/fawaz-hadith-api-v1/editions/ind-nasai.json,1,5500992,10DEB745D39118459DFB668CE884372A907CED3E7AB0B00212590C1A09F2F198,"{""principal"": 1}"
subtree,collections/fawaz-hadith-api-v1/editions/ind-nasai.min.json,1,4663958,B6BB4D694CCC9AA96B033160FFC82E94FC5EACA8EC89EE3FBA5B6A903141FC25,"{""mirror"": 1}"
subtree,collections/fawaz-hadith-api-v1/editions/ind-tirmidhi,8012,20684593,3F2278A3255A96AB41B72D020CC0D1845773E6420FE51E3025A8E883FF03DE37,"{""generated"": 4006, ""mirror"": 4006}"
subtree,collections/fawaz-hadith-api-v1/editions/ind-tirmidhi.json,1,4964262,03E92A32ED42F45ECBC941B21793270368688E6615F81C3D1DA3304572D9F01C,"{""payload_unselected"": 1}"
subtree,collections/fawaz-hadith-api-v1/editions/ind-tirmidhi.min.json,1,4327581,05967B0200D21BACD322E91BF3C0FAF5455CB268AB26D9CD23E86887466C74B9,"{""mirror"": 1}"
subtree,collections/fawaz-hadith-api-v1/editions/rus-abudawud,10636,24001949,B9FF3C624C3C846CD952776F4617B1AA1683B6B20AD51CECD69848821C275703,"{""generated"": 5318, ""mirror"": 5318}"
subtree,collections/fawaz-hadith-api-v1/editions/rus-abudawud.json,1,5710422,89341CFF4C9AFB822761D7C1A37C1589DBB09105F868D21108C80B2F87E7E4EE,"{""principal"": 1}"
subtree,collections/fawaz-hadith-api-v1/editions/rus-abudawud.min.json,1,4854511,B247BDC42F24C24ACB502DD641E771CB017294D88635C0BC327807C3EBD20A84,"{""mirror"": 1}"
subtree,collections/fawaz-hadith-api-v1/editions/rus-bukhari,15322,36844336,BFCC851D94F1D0C0C6B056BCFC06C72B8BA14F9FE76217CF4DBB4F4080BC1BB7,"{""generated"": 7661, ""mirror"": 7661}"
subtree,collections/fawaz-hadith-api-v1/editions/rus-bukhari.json,1,8417300,6B03476F150DEB10FAE4D53903C42913119DACA391C6D440127C2D6B7DD39AE2,"{""principal"": 1}"
subtree,collections/fawaz-hadith-api-v1/editions/rus-bukhari.min.json,1,7980221,549A953A836FFDBE248A0F4759348CE6D26716901BC21EF7CF78A6C4606F3A92,"{""principal"": 1}"
subtree,collections/fawaz-hadith-api-v1/editions/rus-muslim,15240,16270464,DD4E8B801ACB58ADC1BFB04D330BF5E5B4D4BFE1F3010AEACE8C61C75D01B615,"{""generated"": 7620, ""mirror"": 7620}"
subtree,collections/fawaz-hadith-api-v1/editions/rus-muslim.json,1,3266391,55206C2362C66C486B9AEFF52C5208EE31170432F14BBDD2FB71E8DA6303B5AD,"{""payload_unselected"": 1}"
subtree,collections/fawaz-hadith-api-v1/editions/rus-muslim.min.json,1,2834760,F845D2CBCB833C5274181F9E559926A8313EE30DDBC7B8948D5ED5741FF77591,"{""mirror"": 1}"
subtree,collections/fawaz-hadith-api-v1/editions/tam-bukhari,15322,69575534,DE34A068838B9B2C400A16B6DD52304159EDAFD686087FA65B7C2891C3C916A9,"{""generated"": 7661, ""mirror"": 7661}"
subtree,collections/fawaz-hadith-api-v1/editions/tam-bukhari.json,1,16600071,45E33912AAF7A91F29A517860B41CC3EF241406161359343CA0E4DD37C246A27,"{""principal"": 1}"
subtree,collections/fawaz-hadith-api-v1/editions/tam-bukhari.min.json,1,16163049,3DC87C08AA7307EF9FCB3C9B8F27B18424B17ED9C77B4452AF77968394EDB01E,"{""principal"": 1}"
subtree,collections/fawaz-hadith-api-v1/editions/tam-muslim,15240,32457172,CF0329474BAAEF9746EB93DF9FA19E5123014F8E2E2C3736B8B0645689600F77,"{""generated"": 7620, ""mirror"": 7620}"
subtree,collections/fawaz-hadith-api-v1/editions/tam-muslim.json,1,7313068,0FBFB04917BD159954F186C6ECC1378A8E43EF4DA27D27478F9956290BB5E339,"{""principal"": 1}"
subtree,collections/fawaz-hadith-api-v1/editions/tam-muslim.min.json,1,6881437,771B8BB03BE954EB24BF83200F77EA0F00D267273E9896661319F53DEB582C3D,"{""principal"": 1}"
subtree,collections/fawaz-hadith-api-v1/editions/tur-abudawud,10636,21476561,C7764DB94CFE082AA1414BC4E9ADE14619740F1C990FB2501BC247057BF4E8AE,"{""generated"": 5318, ""mirror"": 5318}"
subtree,collections/fawaz-hadith-api-v1/editions/tur-abudawud.json,1,5079075,772D6A210238212343267395C4059F341EAB8496043A77EFEDF7E23A68711634,"{""payload_unselected"": 1}"
subtree,collections/fawaz-hadith-api-v1/editions/tur-abudawud.min.json,1,4223164,7D0C1B0018D030AB890A5EC9DEA9C774F3664366093983E18ECA0942E6CF7DB7,"{""mirror"": 1}"
subtree,collections/fawaz-hadith-api-v1/editions/tur-bukhari,15322,45595086,342FA45675D9ECEF343DDF839B03A4591BF98894496D10AE29B4DA780DD32DAB,"{""generated"": 7661, ""mirror"": 7661}"
subtree,collections/fawaz-hadith-api-v1/editions/tur-bukhari.json,1,10604959,AEDB17C4C2BA2AAFC7C3DD7D2ACBEEB5A2958EFEA0C430D99289067F45B54CAA,"{""principal"": 1}"
subtree,collections/fawaz-hadith-api-v1/editions/tur-bukhari.min.json,1,10167937,35AD06FB9FFBB725310D277E186CA305BD8649BA01FD9C69B4436FD63C0A8794,"{""principal"": 1}"
subtree,collections/fawaz-hadith-api-v1/editions/tur-ibnmajah,8758,21965774,2757D5F873C3EB5609C4AA634C8096EADB3C6C4F07E0A7D97F99FC6A2E4E647C,"{""generated"": 4379, ""mirror"": 4379}"
subtree,collections/fawaz-hadith-api-v1/editions/tur-ibnmajah.json,1,5277198,63C751FC78F6EFBB9392F1306DB6F7A78160A92073A4C9CD368C95F9F9E993F7,"{""principal"": 1}"
subtree,collections/fawaz-hadith-api-v1/editions/tur-ibnmajah.min.json,1,4553069,494ADCCE14C60E0B7799355A722D5EDF83DCD85CF1D85E116C9F5F9ED069D6AE,"{""mirror"": 1}"
subtree,collections/fawaz-hadith-api-v1/editions/tur-malik,3840,4903574,209017C77F9166D8EA8E3AE69561729D16A25B2C274214349DF5BFF4BE21CA27,"{""generated"": 1920, ""mirror"": 1920}"
subtree,collections/fawaz-hadith-api-v1/editions/tur-malik.json,1,1082953,BB067B7858C354CC217FB8A2A8F4F2A8AB6933CCCE5C392B2508B3E34D3DE0B0,"{""payload_unselected"": 1}"
subtree,collections/fawaz-hadith-api-v1/editions/tur-malik.min.json,1,912904,74A386D5EAD6523C83929E6BAD9C4C31A576CF38F060FC77DDB0FB83B42332F7,"{""mirror"": 1}"
subtree,collections/fawaz-hadith-api-v1/editions/tur-muslim,15240,31965956,F78A7013D86E5F876997267B4B89155CCDEE7728921C702E5EE54789651C7C26,"{""generated"": 7620, ""mirror"": 7620}"
subtree,collections/fawaz-hadith-api-v1/editions/tur-muslim.json,1,7190264,3983867817DC0128C298104B953745C2EC32DDAA4A905E09918209788ABCF8A0,"{""principal"": 1}"
subtree,collections/fawaz-hadith-api-v1/editions/tur-muslim.min.json,1,6758633,57762DB0D2AF2C092199BDF80F94C4E96C531A14A703F9988AC950884AAE49E4,"{""principal"": 1}"
subtree,collections/fawaz-hadith-api-v1/editions/tur-nasai,11620,11058664,992F0D2823F734E11AFB0591113B31F540332E823A98B5A15C023F51D8D2FB89,"{""generated"": 5810, ""mirror"": 5810}"
subtree,collections/fawaz-hadith-api-v1/editions/tur-nasai.json,1,2411710,4925029B2DA8C8BAD1CA96DA1622A2DE329AA5D2343347F4D4540CB224ADB640,"{""payload_unselected"": 1}"
subtree,collections/fawaz-hadith-api-v1/editions/tur-nasai.min.json,1,1574676,7971FEBEFA1D16E6F1652B02464EFBEB3C173C36B52A9145819E2ADFC8DC0C04,"{""mirror"": 1}"
subtree,collections/fawaz-hadith-api-v1/editions/tur-nawawi,88,124897,F9BA3D644DC1F04CDEC2126E686EEF0B8DCD0FB0E4D705542815A797EAC050B7,"{""generated"": 44, ""mirror"": 44}"
subtree,collections/fawaz-hadith-api-v1/editions/tur-nawawi.json,1,27083,71A539A16018EC73F5673DE9DD03A48EEA30384BC2C8BCAEF72ABA4B118CCDD3,"{""payload_unselected"": 1}"
subtree,collections/fawaz-hadith-api-v1/editions/tur-nawawi.min.json,1,24560,7D7E3CD7DAF0AA32407D0D869636BCE96223BD1F0333A6278348C7B1F8804DCA,"{""mirror"": 1}"
subtree,collections/fawaz-hadith-api-v1/editions/tur-tirmidhi,8012,17755281,BD02AA5BA2CE6D08367A59FD1B30C4C4A819AE35F8FF6DB4349F4DC05DF565E9,"{""generated"": 4006, ""mirror"": 4006}"
subtree,collections/fawaz-hadith-api-v1/editions/tur-tirmidhi.json,1,4231934,5EB3411DF1BEB4E9528EAA87A1F0E939EF8A77AC231EC5ED86E1CA5359C943E0,"{""payload_unselected"": 1}"
subtree,collections/fawaz-hadith-api-v1/editions/tur-tirmidhi.min.json,1,3595253,931EA36ECDF712B2441EA4266F59BD942C809E8DF4B43A6ECB5E8BEC7D01961B,"{""mirror"": 1}"
subtree,collections/fawaz-hadith-api-v1/editions/urd-abudawud,10636,25970601,62D1244C7150D8003A5C889168DB0A429EDC858E3FF75DD26FB4C210FBB36D3E,"{""generated"": 5318, ""mirror"": 5318}"
subtree,collections/fawaz-hadith-api-v1/editions/urd-abudawud.json,1,6202585,BAB8E38DAC2A4ADAE6B19013036C3D72AE298392355CA7505FD896E0459CCA75,"{""principal"": 1}"
subtree,collections/fawaz-hadith-api-v1/editions/urd-abudawud.min.json,1,5346674,9F7C7DBA5FCDCCEF2C591ED9244F9CAFAF8642E19A41D32BF522154058D87D23,"{""principal"": 1}"
subtree,collections/fawaz-hadith-api-v1/editions/urd-bukhari,15322,43262782,6E6D4F35B683B61D7ACDE0B22F3FBBF2C1642625E4F785247702D0D20DF2A915,"{""generated"": 7661, ""mirror"": 7661}"
subtree,collections/fawaz-hadith-api-v1/editions/urd-bukhari.json,1,10021883,F3EB97706D4889EAC05DBEE3438FD27B272FE26C7DFC03AB35E313AD846780F7,"{""principal"": 1}"
subtree,collections/fawaz-hadith-api-v1/editions/urd-bukhari.min.json,1,9584861,C34F8984A38CB669FFC13B52786F27E3F7CE648076B93E1D7E505078A29B4AB3,"{""principal"": 1}"
subtree,collections/fawaz-hadith-api-v1/editions/urd-ibnmajah,8758,18677934,5AC421B3C930827FEF955862ACED1F6F1492995DA5A31FC393F2A2690F171650,"{""generated"": 4379, ""mirror"": 4379}"
subtree,collections/fawaz-hadith-api-v1/editions/urd-ibnmajah.json,1,4455238,966E82570831CE79FBB67E264DE030C77B47B853DDF14704C804798AEA7014D4,"{""payload_unselected"": 1}"
subtree,collections/fawaz-hadith-api-v1/editions/urd-ibnmajah.min.json,1,3731109,420B79C22E04F675907D5E6C2214E0884CDBA7C910797A70410484B0B99A529A,"{""mirror"": 1}"
subtree,collections/fawaz-hadith-api-v1/editions/urd-malik,3840,6676584,50E40C847FF4165476EA36BE69086389985132444BCD98C08AB1415D4E01DECA,"{""generated"": 1920, ""mirror"": 1920}"
subtree,collections/fawaz-hadith-api-v1/editions/urd-malik.json,1,1527089,9CF1B04999C2BCEB28D961CC0F1FD83242053E3853D4492F3DC97AC1DE0D31DA,"{""payload_unselected"": 1}"
subtree,collections/fawaz-hadith-api-v1/editions/urd-malik.min.json,1,1355273,301A3B8556216C5BF2E2DF231071F7A7550BA0D11F5B95DDF80386B313E923C7,"{""mirror"": 1}"
subtree,collections/fawaz-hadith-api-v1/editions/urd-muslim,15240,34101715,12CA5A6B480FCEA0ACED5D475B26CC17586805144BAA7E78C3D4852C3BD42F7F,"{""generated"": 7620, ""mirror"": 7620}"
subtree,collections/fawaz-hadith-api-v1/editions/urd-muslim.json,1,7733341,7303EB36AAF0562D33A582754C51F3AF853B8B368D39500AFAB0B4EFD12A5689,"{""principal"": 1}"
subtree,collections/fawaz-hadith-api-v1/editions/urd-muslim.min.json,1,7301659,5D5B85647A5F79C1313DA86A474DF04B5BD7D2C3978447F88F5A0428B9A2292F,"{""principal"": 1}"
subtree,collections/fawaz-hadith-api-v1/editions/urd-nasai,11620,20631592,F261CF33FCB7E23FCB31A6345CAB91D59BE3B2A77B6F03020C22D0F1867F6ECB,"{""generated"": 5810, ""mirror"": 5810}"
subtree,collections/fawaz-hadith-api-v1/editions/urd-nasai.json,1,4804942,723F8750C64063859198B8BB1B18E61DB5F063FD33A07D2E5D85DAEB2575F00D,"{""payload_unselected"": 1}"
subtree,collections/fawaz-hadith-api-v1/editions/urd-nasai.min.json,1,3967908,22987F9F88C412E2F42E2FEFC1AFBEC8094D2B136C454DC41A93EAB70A55FC18,"{""mirror"": 1}"
subtree,collections/fawaz-hadith-api-v1/editions/urd-tirmidhi,8012,24232837,F349602E43FE5FD8D5778DB001F9317129A671EAED83B879FAA0D85775AD2C05,"{""generated"": 4006, ""mirror"": 4006}"
subtree,collections/fawaz-hadith-api-v1/editions/urd-tirmidhi.json,1,5851323,A88C98FEC167311E48289B8C854C793BD7DF6B14F5E11F1923D9C51B070324D5,"{""principal"": 1}"
subtree,collections/fawaz-hadith-api-v1/editions/urd-tirmidhi.min.json,1,5214642,2DCA104942941FDFD1BD2A31F80DF2978A004F10F90471BD4584B29637C49D93,"{""mirror"": 1}"
subtree,collections/fawaz-hadith-api-v1/hadith.jpg,1,910721,E973D35B5E2ADF6753D967F497E111D52E2A40E3AF98724E56FA2C7079137AC1,"{""support"": 1}"
subtree,collections/fawaz-hadith-api-v1/info.json,1,10942410,664A06208AB88450AB07F11975C4200C48B3FCCA5CC5007F0A84E9E9BDD8E249,"{""principal"": 1}"
subtree,collections/fawaz-hadith-api-v1/info.min.json,1,6438320,6E9F42671770018B6A45A1BD001178FB00A5E70A442BC3E0070A381815271028,"{""principal"": 1}"
subtree,collections/fawaz-hadith-api-v1/infofixer.js,1,2051,D6F5505670DD70B9792495EDD3943D5BFFB190200D4DDD15AFBD45D40487D0C2,"{""support"": 1}"
subtree,collections/fawaz-hadith-api-v1/log.txt,1,166556,3FF1CE87CDC985B2D5B3E950400024EAAB0842AE7B8DA744604084D065EE24AC,"{""payload_unselected"": 1}"
subtree,collections/fawaz-hadith-api-v1/others,7,53850061,216B14780C33DD968AB9D4E104482D7C9C173F8E5761ED74219772CC739EE8AC,"{""payload_unselected"": 1, ""principal"": 1, ""support"": 5}"
subtree,collections/fawaz-hadith-api-v1/package-lock.json,1,7777,0CB28D52CAE7B4107506904A997777CD246F0DBA6B86D2E880687E6458510478,"{""metadata"": 1}"
subtree,collections/fawaz-hadith-api-v1/package.json,1,623,B51512E0FA326C7BF193F7F33CF9995BB2547C20CB2E7E1AB8B1037C7BD01F04,"{""metadata"": 1}"
subtree,collections/fawaz-hadith-api-v1/start,1,0,6FEEB9AD10CCC3E793A1362414BBE220538C6F32E52C8D02E5546ACEB254DEFA,"{""support"": 1}"
subtree,collections/fawaz-hadith-api-v1/utilities.js,1,9867,D80EB646CC3A211CD48D1B37B6DCEE33DB0A4E9AEAC767C22D1BEECCA004E295,"{""support"": 1}"
subtree,collections/hf-all-hadiths-cleaned/.gitattributes,1,2536,454EC1EAA7E18F6C5BD68B7824262838A91B8747DF625B369DD543812698FB78,"{""support"": 1}"
subtree,collections/hf-all-hadiths-cleaned/README.md,1,175,CB3E34492AF60844CE6382D9241A75ED533CD83BF5312508D0BA112100792B70,"{""metadata"": 1}"
subtree,collections/hf-all-hadiths-cleaned/all_hadiths_clean.csv,1,41069994,58125EB00F3BBEBE8C112F5EB95969815067C0AFDA3809402FA51A3BD471D8E2,"{""principal"": 1}"
subtree,collections/hf-fawaz-hadith-data/.gitattributes,1,2477,51412706E61616694AA2B9D16A839F75B3ED707B6169364D720DC10E692B8858,"{""support"": 1}"
subtree,collections/hf-fawaz-hadith-data/README.md,1,1387,EE985D3E257325DCC8D41275C2C2B37F27FF27BB737D44B9A4209EA3D6720124,"{""metadata"": 1}"
subtree,collections/hf-fawaz-hadith-data/data,1,95807528,449DB9840B4EA6D159A392F9878F3114C00D840D60A1B039B3026FEE14CC57A5,"{""principal"": 1}"
subtree,collections/hf-jimlam-hadith-data-hyphen/.gitattributes,1,2477,A2563E9B92EB9DF5D052F5BF93D055A6E4D78CD3ECC24E2DD6211042A7A7514B,"{""support"": 1}"
subtree,collections/hf-jimlam-hadith-data-hyphen/README.md,1,420,E94D483E183C09055B42BB1CFB0C9FE1C5301BED5A2341E7D71D4B123A5C0FB2,"{""metadata"": 1}"
subtree,collections/hf-jimlam-hadith-data-hyphen/data,1,2112969,A8CFCBCC3AD0B9CA291EAAFDC14B264B04B6A8500458E2AE9123FCB3E4F91C61,"{""principal"": 1}"
subtree,collections/hf-jimlam-hadith-data/.gitattributes,1,2477,301A826D928CBCE601ADC96C5F449B343C136568E03624F63B023306102CE831,"{""support"": 1}"
subtree,collections/hf-jimlam-hadith-data/README.md,1,423,5885DAC95A22AE19D21222B540E564FEA94EEC12BF2877F01B80D9E37D599AB9,"{""metadata"": 1}"
subtree,collections/hf-jimlam-hadith-data/data,1,8243895,7045713A57F9243AF75074617E3BDC16141BC671D468CDE22B139DAA4E328366,"{""principal"": 1}"
subtree,collections/hf-maic-all-hadith/.gitattributes,1,2319,D0FBB3F56D442B81A6AF75FA7F27C5EC3DCCEB5F51DAF6852CB5A7BF96DC7084,"{""support"": 1}"
subtree,collections/hf-maic-all-hadith/README.md,1,607,382993BC4A811272E7A27AA86FAA17EDECFEDAEAACE5B8B389B49525047B9040,"{""metadata"": 1}"
subtree,collections/hf-maic-all-hadith/data,1,15794467,493286EBFCD3D36709DD833F167859F2034552FC4FFB977BA2022D952163861A,"{""principal"": 1}"
subtree,collections/hf-ronnieaban-sunnah/.gitattributes,1,2616,0F7A72932AE19112CC3037881387DC0105999B128CDABC1AFC8E889D6C34F959,"{""support"": 1}"
subtree,collections/hf-ronnieaban-sunnah/README.md,1,3468,5898F738CD5FF071B9C561770B95064B936B2AC17B71594C0D45A43E94C90202,"{""metadata"": 1}"
subtree,collections/hf-ronnieaban-sunnah/Sunnah.csv,1,71543839,46BC56780CE118F36E03207E666237BEF4EC8A99FC74A9F645CF126E99CC5051,"{""principal"": 1}"
subtree,collections/hf-sarfarazmir-hadith-dataset/.gitattributes,1,2362,4661BF6072FEA4988D771D7DA87CC11DBC55F7646AC40A7AE1C1DFC63609CB6A,"{""support"": 1}"
subtree,collections/hf-sarfarazmir-hadith-dataset/prompts.csv,1,283232,320FA71E3B2DF927BAACB82D0325579E8189CD79FCCD8DFC064ED58A0E44CCC4,"{""payload_unselected"": 1}"
subtree,multilingual/hf-abdo-arabic-hadith/.gitattributes,1,706,753BED4E974A63B3F590F5F35F4FD21A8F2ACA6B154B7065CFB172FDBC3F4429,"{""support"": 1}"
subtree,multilingual/hf-abdo-arabic-hadith/README.md,1,1147,01659081A2D43A9999AB93BC838CE6BF89FD371CA9D805F5532FB0BA910DDD95,"{""metadata"": 1}"
subtree,multilingual/hf-meeatif-hadith-datasets/.gitattributes,1,2786,01F25C189FDCD6EF0E153308BFDA7B47219A16DB3B12CC3FBDC63462A4655FA9,"{""support"": 1}"
subtree,multilingual/hf-meeatif-hadith-datasets/Jami` at-Tirmidhi.csv,1,8388778,A971EB749FCAE0571C827F9C63B41BB030FD186E4828A2E103694536C8FC15F4,"{""principal"": 1}"
subtree,multilingual/hf-meeatif-hadith-datasets/Jami` at-Tirmidhi.json,1,9453547,D1774E7DE67FB66D3F6A70642A574B5EFC345D2749104B9941F092A517CBA35D,"{""principal"": 1}"
subtree,multilingual/hf-meeatif-hadith-datasets/README.md,1,4472,761595CDD96794043E48CBF0348C578C11D73DAB916E66C6541F07EADE4823CD,"{""metadata"": 1}"
subtree,multilingual/hf-meeatif-hadith-datasets/Sahih Muslim.csv,1,12880108,03392AE2B3D1E1A3A313A7A6FAFF8ABFCFC4FA3D52534B85DEF43450DAF69345,"{""principal"": 1}"
subtree,multilingual/hf-meeatif-hadith-datasets/Sahih Muslim.json,1,14823053,70481ACDDE3D5D8E7B79633C3542A9E06473D151954DBA37A145CAFAF1069E63,"{""principal"": 1}"
subtree,multilingual/hf-meeatif-hadith-datasets/Sahih al-Bukhari.csv,1,14223087,EBFC84448AA6C645902DB0AA0181BB2022EE2686B59A4D606BFD8E99CC4ED76D,"{""principal"": 1}"
subtree,multilingual/hf-meeatif-hadith-datasets/Sahih al-Bukhari.json,1,16163964,67EC79FB263323960DA5AA7E7DCB56DB4A12CD1E3AEC5811DA6D1853F7CDEE7F,"{""principal"": 1}"
subtree,multilingual/hf-meeatif-hadith-datasets/Sunan Abi Dawud.csv,1,8466886,58B980498B0FE18019856589CF0CF770B3F22A847A2138915AEE31136E4A9B96,"{""principal"": 1}"
subtree,multilingual/hf-meeatif-hadith-datasets/Sunan Abi Dawud.json,1,9856121,58279CE30F5CA1EA0395B3FCBB1FBD46004D020DD33FEA79F9B4FD382D3E5598,"{""principal"": 1}"
subtree,multilingual/hf-meeatif-hadith-datasets/Sunan Ibn Majah.csv,1,5808147,AF53DD349D3DC292E979B5395772312EE5B95BFBD5CD2DEAB7FD3B09658E9605,"{""principal"": 1}"
subtree,multilingual/hf-meeatif-hadith-datasets/Sunan Ibn Majah.json,1,6898152,F40FBD697B3924E31EA4E80DF58FDB889003E3D73914759D1F524981DC4841AD,"{""principal"": 1}"
subtree,multilingual/hf-meeatif-hadith-datasets/Sunan an-Nasa'i.csv,1,8617306,54252E4244F0DF0FA12D7278340771ABA406F7678236FD0C1E7A7F6282D5A71A,"{""principal"": 1}"
subtree,multilingual/hf-meeatif-hadith-datasets/Sunan an-Nasa'i.json,1,10110800,90891D10313D0471CE8B7D80545B5421F8EAE511E413EBADFAE77EC93590D3BE,"{""principal"": 1}"
subtree,multilingual/hf-sarnsrun-hadiths/.gitattributes,1,2571,63E44FB3BF6F013C7C2D4E1CDB4687431BF03B8530E2BF02316FFC3CC4E783C8,"{""support"": 1}"
subtree,multilingual/hf-sarnsrun-hadiths/README.md,1,33,838DD18727D5BD9343FFBD5FB265CEB5FFE1635F2F46650C9AE2A77278872A41,"{""metadata"": 1}"
subtree,multilingual/hf-sarnsrun-hadiths/hadiths.jsonl,1,17571332,22A51198363695DDD49C73273A7FEC4BE27F7C078F49B155D9E6933DAF067B0B,"{""principal"": 1}"
subtree,official/sunnah-com-api/.env.local.sample,1,175,496593C6A164A946EA67E2BA2EA94A8D7811C8AE96C31E7C2A10810AD82617F2,"{""support"": 1}"
subtree,official/sunnah-com-api/.flake8,1,109,F08AFF14751B0DC4D7B49CF71B05B731EC5EEC9A04C27287C8336B016E9C6912,"{""support"": 1}"
subtree,official/sunnah-com-api/.github,2,2337,95FB66F743D0955204E1E1CF05C9C0F7F2C8C6B72508CB7384265915ED7C8B58,"{""support"": 2}"
subtree,official/sunnah-com-api/.gitignore,1,82,52D03048A34F1395F650B42E51F96C383AC9C3C822E8E8C52925D0104DABB0F1,"{""support"": 1}"
subtree,official/sunnah-com-api/Dockerfile,1,261,4D42FE121046BB03848C2D3CF3B20D4B6258424D0A4E1D2583F5F2012082148E,"{""support"": 1}"
subtree,official/sunnah-com-api/Dockerfile-prod,1,366,F95627A353987711A9D8E12874CDFD32200ECEBFA3B63CEC93211414E881D0D2,"{""support"": 1}"
subtree,official/sunnah-com-api/README.md,1,2497,77812083E2D63FDB9396F20560D137FCF29AA1F0DBE486E60BDFC854CFBE7E4C,"{""metadata"": 1}"
subtree,official/sunnah-com-api/config.py,1,355,C6DD352DF0459E1D9F399208E0B114649CA4ED7D38C7824F7A9D0377190F769C,"{""support"": 1}"
subtree,official/sunnah-com-api/db,1,1475899,60F79A343CD310C137C0E5F30601150DB5A74B5A4090F253827B804B2B1C2100,"{""principal"": 1}"
subtree,official/sunnah-com-api/docker-compose.prod.yml,1,194,BA2B0E6C7E44811338036FF6A3F4B187A46076091750E9944B4B5239F36E716E,"{""support"": 1}"
subtree,official/sunnah-com-api/docker-compose.yml,1,747,391AD27D05614BA7A4859B72E69F4FDC72F21C2B74266FAD1409486D0447B332,"{""support"": 1}"
subtree,official/sunnah-com-api/main.py,1,6742,41A43DCD3D445A038B2176D81744778CABE053A471A5D4002549C1BC7D58F00C,"{""support"": 1}"
subtree,official/sunnah-com-api/models.py,1,4960,2B9EAC13260BECDC026427D3A3B301C69178AA4305C8D634F6308D344D3AAB4E,"{""support"": 1}"
subtree,official/sunnah-com-api/pyproject.toml,1,144,9E49DAF14AD1D2EF8B1603493E3E4007A3B6D36E5195D222B5650A172B634140,"{""support"": 1}"
subtree,official/sunnah-com-api/requirements.txt,1,637,9CBFFB56957452D5D0395C1B167A599041D8DF93872A52CEE9DA4418688CE6FC,"{""payload_unselected"": 1}"
subtree,official/sunnah-com-api/scripts,1,1132,5B9EE9A23F8FEAB9B36CBC81E8BBA4D9ABF1D66E4313E01F346E961AA851C5AC,"{""support"": 1}"
subtree,official/sunnah-com-api/spec.v1.yml,1,15604,639DEEB05228AD92082A5C6F26720D3EF0C32B768358DBCE974E368B2EECC5D7,"{""support"": 1}"
subtree,official/sunnah-com-api/text_transform.py,1,3253,1A42083381BFCE55336967F77398E2A5EAC2827F84F45F1956526F3AF70E760A,"{""support"": 1}"
subtree,official/sunnah-com-api/uwsgi.ini,1,81,843D66AAEF84B1077348B6BA1800E1564A97BFE159102F4F000D82E3A3621AF9,"{""support"": 1}"
subtree,quarantined/ahmedbaset-hadith-api/.env.example,1,112,AAEDF705D27487BBE32F7D2ABA97A7405B331DBBED6967FEBA986681B4763828,"{""support"": 1}"
subtree,quarantined/ahmedbaset-hadith-api/.eslintrc.cjs,1,429,A1EF93BEA7BC8C4EF1D88A22718B4F104C0DCBC2D7768EB44E62196341DABEA3,"{""support"": 1}"
subtree,quarantined/ahmedbaset-hadith-api/.github,1,1074,7F0AE1865F9D447CC153307C289B1AA76480EE1187BB48715C9464227EB3FEF8,"{""support"": 1}"
subtree,quarantined/ahmedbaset-hadith-api/.gitignore,1,64,5B89A99BED7E5E617EE8656DC19BD456F29CA58EB3E3D278262D7C87276AFE3C,"{""support"": 1}"
subtree,quarantined/ahmedbaset-hadith-api/.prettierrc.json,1,68,FB181A4131C3E568BE6E24AE13C8F96D8283768741AB10ADDB31DACBC460C7F5,"{""payload_unselected"": 1}"
subtree,quarantined/ahmedbaset-hadith-api/README.md,1,2874,E901ABF9918A2CE55314CE8ADBFA774879199C07CF78AEE6E0E1B343E7F6B8A8,"{""metadata"": 1}"
subtree,quarantined/ahmedbaset-hadith-api/package.json,1,1141,10E6AD4B2054E2F59DEA615B6FEF66634DFAD24AF65499B3EBFD4CD91B328697,"{""metadata"": 1}"
subtree,quarantined/ahmedbaset-hadith-api/src,13,11656,A88B8CB6A4360F7293AE459EB8A510F92CE79C51CE424FA33357C3AB6A8B04EB,"{""support"": 13}"
subtree,quarantined/ahmedbaset-hadith-api/tsconfig.json,1,251,01A700DC66526290B478FD5B4C86F7A8C94D0340FDCCDE640E75AAC5759A28DF,"{""payload_unselected"": 1}"
subtree,quarantined/ahmedbaset-hadith-api/types,1,1117,824CA70C43500C513627C7F177EC9407E097683DC3012D323937946417A675A4,"{""support"": 1}"
subtree,quarantined/ahmedbaset-hadith-json-v1.2.0/.env.example,1,30,44F2B1FA8B3D482AFA5D7202D967D95BA30A99293C0319F64093B4C395776385,"{""support"": 1}"
subtree,quarantined/ahmedbaset-hadith-json-v1.2.0/.gitignore,1,43,0439A0E4F9333EA49D58584A4977D70E0DF2CF426228F82699AF34E35E800DE9,"{""support"": 1}"
subtree,quarantined/ahmedbaset-hadith-json-v1.2.0/README.md,1,4572,931364C11394D43F0FB26CA421FC617776B5B7C913942704283CE0B378FBEB54,"{""metadata"": 1}"
subtree,quarantined/ahmedbaset-hadith-json-v1.2.0/biome.json,1,270,CA1BA9C0C9D5ACA03F8C85C309057D1A4A07377E779D44EFE2BCA13AB649DABF,"{""payload_unselected"": 1}"
subtree,quarantined/ahmedbaset-hadith-json-v1.2.0/db,624,147946830,49404AB221A5B8F702937172A525004FB83B4532CE0C076C56B5315C8C75E233,"{""payload_unselected"": 618, ""principal"": 6}"
subtree,quarantined/ahmedbaset-hadith-json-v1.2.0/package.json,1,1169,9690CAD35590D6677BF6A3104BABA9A58AAE5E80A06AAE67127FB5C5F7C84E6F,"{""metadata"": 1}"
subtree,quarantined/ahmedbaset-hadith-json-v1.2.0/pnpm-lock.yaml,1,54101,47F817353FD9C80FE6EB791818D2531D33887849814C0DD572C1A9279E320A17,"{""support"": 1}"
subtree,quarantined/ahmedbaset-hadith-json-v1.2.0/src,8,26585,CDE2F9AA943E3519C17DCC126739179531002308F2A179ED8FAC86B3BE616B14,"{""support"": 8}"
subtree,quarantined/ahmedbaset-hadith-json-v1.2.0/tsconfig.json,1,12013,080D04FBBB6BCE30398A21938ACB3CCEC537DBE406BB9C40AA9E1B967E23F3D3,"{""payload_unselected"": 1}"
subtree,quarantined/ahmedbaset-hadith-json-v1.2.0/tsup.config.ts,1,157,6E94EA436B26D103DB7E77C5B7A05BB7176DD617C429A76584F6BAAF6F4E2B8B,"{""support"": 1}"
subtree,quarantined/ahmedbaset-hadith-json-v1.2.0/types,1,1154,716BFC27786EA05D0D8B41DC0E61242403BF79DBA16F26D2D1290AE405047CF5,"{""support"": 1}"
subtree,quarantined/hf-sunnah-ar-en/.gitattributes,1,2520,F9890B961433A6ABD55C1996C806BCDB0CEF5A836987FB13A09FEFFB959914A3,"{""support"": 1}"
subtree,quarantined/hf-sunnah-ar-en/README.md,1,6880,B64A7DF3D26C0F221F86CB0ECAEBA1D503B10644D1D63F38455105ED30A23906,"{""metadata"": 1}"
subtree,quarantined/hf-sunnah-ar-en/sunnah_ar_en_dataset.jsonl.gz,1,16684525,F9CCF6795379701D62A0453912E8CEF9044FEAFEBEF0DB9D104EA44AB295A0AC,"{""principal"": 1}"
subtree,quarantined/hf-sunnah-dataset/.gitattributes,1,2580,97B391D30D3A35237A84B29AF2FAD3B3BFC2DBEBFAC04536BB66BD40C4C8AD97,"{""support"": 1}"
subtree,quarantined/hf-sunnah-dataset/README.md,1,4320,078026EEF0EE195D94406622708BC5ECD2CC7092820BD0C592A0A41988ADFFC3,"{""metadata"": 1}"
subtree,quarantined/hf-sunnah-dataset/sunnah_com_dataset.parquet,1,45201508,F0D1AD483607E9EB6C78CE41EDE83B6A0CF27FC8E7A5C3D64C00C292EC07A1EC,"{""principal"": 1}"
subtree,research/hf-ar-quran-hadith14books-msa/.gitattributes,1,2520,E66AD80B4E4CB946D65C43B78FCE35EC0D97E3C40110CA5BEE299EDDCF145195,"{""support"": 1}"
subtree,research/hf-ar-quran-hadith14books-msa/README.md,1,12232,149FD8188ABECD421CF245779FDFC7B67E6A5CFB503D1510187233242D3CCF85,"{""metadata"": 1}"
subtree,research/hf-ar-quran-hadith14books-msa/data,24,7336594626,59C9380C4311C796F7457E988628A7B38F8E36A2634AA77ECBEBCBA2CA2481E8,"{""principal"": 24}"
subtree,research/hf-ar-quran-hadith14books-msa/metadata.csv,1,3757996,8CBFFAB80922DFE36C4728FC1D6CE4B594BFB517201935CE5DA309AE2696B908,"{""payload_unselected"": 1}"
subtree,research/hf-arbml-hadith/.gitattributes,1,2275,CDDD887F7E526255B83AAE2DC5EA0AF9BEF76A265A06CB8D8940CA12060AF420,"{""support"": 1}"
subtree,research/hf-arbml-hadith/data,1,35384824,33DE31E3FAA449D4C86D14011CD9D777E6E8A3DB7192F5E01018AC28FC83AB09,"{""principal"": 1}"
subtree,research/hf-arbml-hadith/dataset_infos.json,1,629,E5E20ACF55128B9294A97802B0008826491AB76F418C10C7C4492ACD7CD5BFAD,"{""metadata"": 1}"
subtree,research/hf-arbml-lk-hadith/.gitattributes,1,2275,ECD9F04557308934BF919D8AE183EEE954D1810C7F178C0048C00CE4ED73D651,"{""support"": 1}"
subtree,research/hf-arbml-lk-hadith/data,1,38552855,C1F7A6E33C975398EDA1592FDF51BD29ACA0B528EA9727247684A6E093D3A682,"{""principal"": 1}"
subtree,research/hf-arbml-lk-hadith/dataset_infos.json,1,1673,800D977E5EC3CD96181CC9199A02EBAB25651C80F81EFE04525A2144468ADD72,"{""metadata"": 1}"
subtree,research/hf-arbml-quran-hadith/.gitattributes,1,2177,89FB9E2B20F952D67D7B9CC54B76B9C64E10EAD3DF2814B107F0C0404CF8BCD2,"{""support"": 1}"
subtree,research/hf-arbml-quran-hadith/README.md,1,747,FEB2678C8A84B9FE0FDF70E491C02851D11AB9EF4A67523AC9E66756A6073165,"{""metadata"": 1}"
subtree,research/hf-arbml-quran-hadith/data,1,3248827,CF21A762DFA168C69CF8FD1727E920529C73D5879D854E343C4875130E696F1F,"{""principal"": 1}"
subtree,research/lk-hadith-corpus/AbuDaud,44,15275225,9F8DFAE269EC9177340453620486A6F0575B5A35266DAB12E3046A8815A8D055,"{""payload_unselected"": 43, ""support"": 1}"
subtree,research/lk-hadith-corpus/Bukhari,98,25539633,85F7D8574365F77916C9F0363CF4012D960A694673024704A393470DC7AC9E3A,"{""payload_unselected"": 97, ""support"": 1}"
subtree,research/lk-hadith-corpus/IbnMaja,39,10918575,4F84B81D5339C4B45C2004563DAFCE5D3985ECFE77901AEB7775736ED9973557,"{""payload_unselected"": 38, ""support"": 1}"
subtree,research/lk-hadith-corpus/Muslim,58,23582996,4061B9EE2433179C29923410C20A6D1D747CE268635775933BFBCD746E3D7D2C,"{""payload_unselected"": 57, ""support"": 1}"
subtree,research/lk-hadith-corpus/Nesai,52,15672037,8ED8B704544D8D0BCC4E5F990C34AEE30D04FBD983A9A10043E8608E43169861,"{""payload_unselected"": 51, ""support"": 1}"
subtree,research/lk-hadith-corpus/README.md,1,2775,0E2AC0BD26322E6CD7CE92FE7D6CB2EC86BC2C729FB3D8795110F42C6AF12384,"{""metadata"": 1}"
subtree,research/lk-hadith-corpus/Tirmizi,50,15403537,B2718F554477620B71921F5AE05FDC694496D0D622579069120B66571E7090E8,"{""payload_unselected"": 49, ""support"": 1}"
subtree,research/lk-hadith-corpus/starter.py,1,2284,E0D52F5EBC6670204AEEB2FAE8BFEDF9A396420B6119BC59EB50F0530E637886,"{""support"": 1}"
subtree,verification/semakhadis-api/.env.example,1,690,42046E57DD149E5A3A07865496F90DCC486834941FD2EED70F73C72AD784FB9F,"{""support"": 1}"
subtree,verification/semakhadis-api/.gitattributes,1,116,919C64A8958759CBC987C4CEA40257C70A002AA2C8BF29B59178DB3AA2D6A954,"{""support"": 1}"
subtree,verification/semakhadis-api/.gitignore,1,168,CD56532F25D2ED89D3FCAE830F1B59152BFCCEA30CE3CA9462B009E1C36BFD40,"{""support"": 1}"
subtree,verification/semakhadis-api/app,51,44696,C922E3CD8B6420AF349CD0D0B09DF92B752D928A1F2547C4F43D9A05140EF216,"{""support"": 51}"
subtree,verification/semakhadis-api/artisan,1,1739,FADCB5050F6A42810A28FADAA0681FB8005E77E4A495A6B75C4475C0A0AFA11B,"{""support"": 1}"
subtree,verification/semakhadis-api/bootstrap,2,1673,AEAA8790F304C9501E478E8488BDCD5D92A34B4DE11904187093308D9411C469,"{""support"": 2}"
subtree,verification/semakhadis-api/composer.json,1,1755,3D2AD225E3AC9F76B68476983D422AFF72AB33FC8514D1221195EFC4790A5075,"{""payload_unselected"": 1}"
subtree,verification/semakhadis-api/composer.lock,1,174999,02F1EA7A39CC3A22082C0DCEBFF299A7C27BA8F1B36F8EB3EC4CC09EF999898A,"{""support"": 1}"
subtree,verification/semakhadis-api/config,14,47876,33F8979CD02A7F06C2AFA7C1B3E12C3E8D75F0B336930EF82E6B22B651309A55,"{""support"": 14}"
subtree,verification/semakhadis-api/database,37,77696,BA1BF45B026045C7113FDAE349E9CA66E6EB5E904CD43DEDB599B9EBA375A23A,"{""payload_unselected"": 8, ""principal"": 1, ""support"": 28}"
subtree,verification/semakhadis-api/notes.txt,1,86,43A54B5C2417E0D0D98FF58B9DDC4EC4A8DC73B087C309B71DFB5519D2539AC8,"{""payload_unselected"": 1}"
subtree,verification/semakhadis-api/package.json,1,1044,087470F214899ACBBCBC905F7D5CC78F3F0D3D97CD65CC01FBAAD273E0E549AF,"{""metadata"": 1}"
subtree,verification/semakhadis-api/phpunit.xml,1,1120,BAE80B90A8C098AB2DCBC786843A0B3777F482A2E0CB626D59E8E546BC5B2AFF,"{""payload_unselected"": 1}"
subtree,verification/semakhadis-api/public,6,478047,ABF9A5712E08A51AFA99A90BFB2DA8BF4A987949BAF6BEEF6EDC60B195527ECA,"{""payload_unselected"": 1, ""support"": 5}"
subtree,verification/semakhadis-api/resources,10,15100,1A3DD4F9C956C2033C4248A80946F3964CAADC89502B57C8ED2854920290E420,"{""support"": 10}"
subtree,verification/semakhadis-api/routes,4,2941,959C83550D5D9F317D791255820A432765C21F38B98F37AC9E27F7B317B92D79,"{""support"": 4}"
subtree,verification/semakhadis-api/server.php,1,584,FEE92A89783DFF1306E7192572C3644676E01856474E3757304E3168C798A839,"{""support"": 1}"
subtree,verification/semakhadis-api/storage,8,233,D874B3174D02F91EA15A0168DF03B7AB2A6E1B3A57C023D67F69A53806007326,"{""support"": 8}"
subtree,verification/semakhadis-api/tests,4,1336,B60B644DA19C4C8A998521EDF02FEEB5A4C25FC08C60ABC0E6181C5BB5FCD3CA,"{""support"": 4}"
subtree,verification/semakhadis-api/webpack.mix.js,1,564,16AA1C68434079809166FAF1771D302DB5AD37C3580BFAD68A9C166CBC0646C5,"{""support"": 1}"
subtree,verification/semakhadis-api/yarn.lock,1,265180,FDF590A3A9830722DD17A865FDD133EB43F1BE5441C84A8CE6F9E737842EDDA3,"{""support"": 1}"
subtree,verification/semakhadis-frontend/.angular-cli.json,1,2462,8D93B71CD1A6EF984BB92CEB08673B857904ED1E664CBA1D73220EF167C69CCA,"{""payload_unselected"": 1}"
subtree,verification/semakhadis-frontend/.editorconfig,1,258,37FFD31448CBFB75D934E6822E38E0DC1CC59305169C8D76706D562B2C667EE0,"{""support"": 1}"
subtree,verification/semakhadis-frontend/.gitignore,1,648,66F2FC23C3D1514B3910EFD8B8A23BF1B5136D5289E3E4ADCD0CBF1B8918E587,"{""support"": 1}"
subtree,verification/semakhadis-frontend/.travis.yml,1,389,1EAAEBC6A6E3AE1630E961F07CFF8408922FE3B2D620D9F981B9B7890D9A1504,"{""support"": 1}"
subtree,verification/semakhadis-frontend/README.md,1,932,118ED641454F640316945BC0F86EC3DEEC1E664D27213C80BB92D05C58CC11C4,"{""metadata"": 1}"
subtree,verification/semakhadis-frontend/e2e,3,827,D49F6E0A0721C0623207EC4EFA87848E5FB3710268F7BAB790ED2CB456269EC8,"{""payload_unselected"": 1, ""support"": 2}"
subtree,verification/semakhadis-frontend/karma.conf.js,1,956,3E7390A7E9A4A8C21D7C5110891CBB9D12430E0111F54F192D73A823E2B21809,"{""support"": 1}"
subtree,verification/semakhadis-frontend/package.json,1,2242,85EA30161DB629764CAADBFE5305A7B3CF79076AA968D1DF3A089B561C284723,"{""metadata"": 1}"
subtree,verification/semakhadis-frontend/protractor.conf.js,1,750,67B0995C0235379BAF291740BDAC6DD2F4F939E054BF7FC33283E4DC965C13DA,"{""support"": 1}"
subtree,verification/semakhadis-frontend/src,206,5174069,5F3D096799FF51CC15F4570E3F5FF6C874D06F0AE6B28319315C6194DF9C92AB,"{""support"": 206}"
subtree,verification/semakhadis-frontend/tsconfig.json,1,3195,886DD6CA340330889083A7C3BC62154906F78474F953F987C8F39CD2E87D5CBF,"{""payload_unselected"": 1}"
subtree,verification/semakhadis-frontend/tslint.json,1,3668,5A65AA6EB3AE20CAA7CC2C16171B15D0BFA0384DD28C7B97E34F217CB36B8DC2,"{""payload_unselected"": 1}"
subtree,verification/semakhadis-frontend/yarn.lock,1,268124,88DA3DB3E38A099E0A989B42EF15F8DE16ACC437D3D66A894B44CE3C7303A564,"{""support"": 1}"
